"Any","Codi_Districte","Nom_Districte","Codi_Barri","Nom_Barri","Seccio_Censal","Import_Renda_Bruta_€                "
2015,1,"Ciutat Vella",1,"el Raval",1,10871
2015,1,"Ciutat Vella",1,"el Raval",2,8635
2015,1,"Ciutat Vella",1,"el Raval",3,8335
2015,1,"Ciutat Vella",1,"el Raval",4,11180
2015,1,"Ciutat Vella",1,"el Raval",5,8853
2015,1,"Ciutat Vella",1,"el Raval",6,10296
2015,1,"Ciutat Vella",1,"el Raval",7,9157
2015,1,"Ciutat Vella",1,"el Raval",8,7162
2015,1,"Ciutat Vella",1,"el Raval",9,9857
2015,1,"Ciutat Vella",1,"el Raval",10,7998
2015,1,"Ciutat Vella",1,"el Raval",11,7811
2015,1,"Ciutat Vella",1,"el Raval",12,10352
2015,1,"Ciutat Vella",1,"el Raval",13,11102
2015,1,"Ciutat Vella",1,"el Raval",14,9695
2015,1,"Ciutat Vella",1,"el Raval",15,10040
2015,1,"Ciutat Vella",1,"el Raval",16,9645
2015,1,"Ciutat Vella",1,"el Raval",17,8727
2015,1,"Ciutat Vella",1,"el Raval",18,9206
2015,1,"Ciutat Vella",1,"el Raval",19,8929
2015,1,"Ciutat Vella",1,"el Raval",20,16296
2015,1,"Ciutat Vella",1,"el Raval",21,14806
2015,1,"Ciutat Vella",2,"el Gòtic",22,19439
2015,1,"Ciutat Vella",2,"el Gòtic",23,16680
2015,1,"Ciutat Vella",2,"el Gòtic",25,13836
2015,1,"Ciutat Vella",2,"el Gòtic",26,13600
2015,1,"Ciutat Vella",2,"el Gòtic",27,13329
2015,1,"Ciutat Vella",2,"el Gòtic",28,13684
2015,1,"Ciutat Vella",2,"el Gòtic",29,11874
2015,1,"Ciutat Vella",2,"el Gòtic",30,11917
2015,1,"Ciutat Vella",2,"el Gòtic",31,12707
2015,1,"Ciutat Vella",3,"la Barceloneta",32,14906
2015,1,"Ciutat Vella",3,"la Barceloneta",33,11990
2015,1,"Ciutat Vella",3,"la Barceloneta",34,11774
2015,1,"Ciutat Vella",3,"la Barceloneta",35,11770
2015,1,"Ciutat Vella",3,"la Barceloneta",36,12817
2015,1,"Ciutat Vella",3,"la Barceloneta",37,12060
2015,1,"Ciutat Vella",3,"la Barceloneta",38,11667
2015,1,"Ciutat Vella",3,"la Barceloneta",39,13323
2015,1,"Ciutat Vella",3,"la Barceloneta",40,14265
2015,1,"Ciutat Vella",3,"la Barceloneta",41,11759
2015,1,"Ciutat Vella",3,"la Barceloneta",42,13865
2015,1,"Ciutat Vella",4,"Sant Pere, Santa Caterina i la Ribera",43,19146
2015,1,"Ciutat Vella",4,"Sant Pere, Santa Caterina i la Ribera",44,18192
2015,1,"Ciutat Vella",4,"Sant Pere, Santa Caterina i la Ribera",45,14443
2015,1,"Ciutat Vella",4,"Sant Pere, Santa Caterina i la Ribera",46,13640
2015,1,"Ciutat Vella",4,"Sant Pere, Santa Caterina i la Ribera",47,12291
2015,1,"Ciutat Vella",4,"Sant Pere, Santa Caterina i la Ribera",48,10112
2015,1,"Ciutat Vella",4,"Sant Pere, Santa Caterina i la Ribera",49,14235
2015,1,"Ciutat Vella",4,"Sant Pere, Santa Caterina i la Ribera",50,13450
2015,1,"Ciutat Vella",4,"Sant Pere, Santa Caterina i la Ribera",51,11122
2015,1,"Ciutat Vella",4,"Sant Pere, Santa Caterina i la Ribera",52,20188
2015,1,"Ciutat Vella",4,"Sant Pere, Santa Caterina i la Ribera",53,12207
2015,1,"Ciutat Vella",4,"Sant Pere, Santa Caterina i la Ribera",54,12563
2015,1,"Ciutat Vella",4,"Sant Pere, Santa Caterina i la Ribera",55,18147
2015,2,"Eixample",5,"el Fort Pienc",1,18613
2015,2,"Eixample",5,"el Fort Pienc",2,17068
2015,2,"Eixample",5,"el Fort Pienc",3,20619
2015,2,"Eixample",5,"el Fort Pienc",4,15356
2015,2,"Eixample",5,"el Fort Pienc",5,21654
2015,2,"Eixample",5,"el Fort Pienc",6,22279
2015,2,"Eixample",5,"el Fort Pienc",7,22839
2015,2,"Eixample",5,"el Fort Pienc",8,20649
2015,2,"Eixample",5,"el Fort Pienc",9,20011
2015,2,"Eixample",5,"el Fort Pienc",10,19151
2015,2,"Eixample",5,"el Fort Pienc",11,21061
2015,2,"Eixample",5,"el Fort Pienc",12,16118
2015,2,"Eixample",5,"el Fort Pienc",13,16467
2015,2,"Eixample",5,"el Fort Pienc",14,15096
2015,2,"Eixample",5,"el Fort Pienc",15,16531
2015,2,"Eixample",5,"el Fort Pienc",16,20975
2015,2,"Eixample",5,"el Fort Pienc",17,21124
2015,2,"Eixample",5,"el Fort Pienc",18,21707
2015,2,"Eixample",5,"el Fort Pienc",19,18897
2015,2,"Eixample",5,"el Fort Pienc",20,17431
2015,2,"Eixample",6,"la Sagrada Família",21,17996
2015,2,"Eixample",6,"la Sagrada Família",22,19272
2015,2,"Eixample",6,"la Sagrada Família",23,19216
2015,2,"Eixample",6,"la Sagrada Família",24,17524
2015,2,"Eixample",6,"la Sagrada Família",25,18524
2015,2,"Eixample",6,"la Sagrada Família",26,19117
2015,2,"Eixample",6,"la Sagrada Família",27,20774
2015,2,"Eixample",6,"la Sagrada Família",28,19269
2015,2,"Eixample",6,"la Sagrada Família",29,17135
2015,2,"Eixample",6,"la Sagrada Família",30,15306
2015,2,"Eixample",6,"la Sagrada Família",31,22376
2015,2,"Eixample",6,"la Sagrada Família",32,19379
2015,2,"Eixample",6,"la Sagrada Família",33,18509
2015,2,"Eixample",6,"la Sagrada Família",34,16062
2015,2,"Eixample",6,"la Sagrada Família",35,19076
2015,2,"Eixample",6,"la Sagrada Família",36,21918
2015,2,"Eixample",6,"la Sagrada Família",37,21216
2015,2,"Eixample",6,"la Sagrada Família",38,21496
2015,2,"Eixample",6,"la Sagrada Família",39,17570
2015,2,"Eixample",6,"la Sagrada Família",40,16892
2015,2,"Eixample",6,"la Sagrada Família",41,19121
2015,2,"Eixample",6,"la Sagrada Família",42,21892
2015,2,"Eixample",6,"la Sagrada Família",43,20515
2015,2,"Eixample",6,"la Sagrada Família",44,16920
2015,2,"Eixample",6,"la Sagrada Família",45,20216
2015,2,"Eixample",6,"la Sagrada Família",46,17308
2015,2,"Eixample",6,"la Sagrada Família",47,18449
2015,2,"Eixample",6,"la Sagrada Família",48,18429
2015,2,"Eixample",6,"la Sagrada Família",49,17648
2015,2,"Eixample",6,"la Sagrada Família",50,18388
2015,2,"Eixample",6,"la Sagrada Família",51,18768
2015,2,"Eixample",6,"la Sagrada Família",52,18348
2015,2,"Eixample",6,"la Sagrada Família",53,20781
2015,2,"Eixample",6,"la Sagrada Família",54,20433
2015,2,"Eixample",7,"la Dreta de l'Eixample",55,21476
2015,2,"Eixample",7,"la Dreta de l'Eixample",56,21799
2015,2,"Eixample",7,"la Dreta de l'Eixample",57,26247
2015,2,"Eixample",7,"la Dreta de l'Eixample",58,23723
2015,2,"Eixample",7,"la Dreta de l'Eixample",59,25273
2015,2,"Eixample",7,"la Dreta de l'Eixample",60,23110
2015,2,"Eixample",7,"la Dreta de l'Eixample",61,19327
2015,2,"Eixample",7,"la Dreta de l'Eixample",62,23759
2015,2,"Eixample",7,"la Dreta de l'Eixample",63,34403
2015,2,"Eixample",7,"la Dreta de l'Eixample",64,28194
2015,2,"Eixample",7,"la Dreta de l'Eixample",65,23210
2015,2,"Eixample",7,"la Dreta de l'Eixample",66,22526
2015,2,"Eixample",7,"la Dreta de l'Eixample",67,19233
2015,2,"Eixample",7,"la Dreta de l'Eixample",68,20333
2015,2,"Eixample",7,"la Dreta de l'Eixample",69,24272
2015,2,"Eixample",7,"la Dreta de l'Eixample",70,25099
2015,2,"Eixample",7,"la Dreta de l'Eixample",71,26289
2015,2,"Eixample",7,"la Dreta de l'Eixample",72,28693
2015,2,"Eixample",7,"la Dreta de l'Eixample",73,25486
2015,2,"Eixample",7,"la Dreta de l'Eixample",74,25847
2015,2,"Eixample",7,"la Dreta de l'Eixample",75,22139
2015,2,"Eixample",7,"la Dreta de l'Eixample",76,27270
2015,2,"Eixample",7,"la Dreta de l'Eixample",77,30820
2015,2,"Eixample",7,"la Dreta de l'Eixample",78,31636
2015,2,"Eixample",7,"la Dreta de l'Eixample",79,39476
2015,2,"Eixample",7,"la Dreta de l'Eixample",80,32786
2015,2,"Eixample",7,"la Dreta de l'Eixample",81,30259
2015,2,"Eixample",7,"la Dreta de l'Eixample",82,28169
2015,2,"Eixample",7,"la Dreta de l'Eixample",83,34084
2015,2,"Eixample",8,"l'Antiga Esquerra de l'Eixample",84,24540
2015,2,"Eixample",8,"l'Antiga Esquerra de l'Eixample",85,24608
2015,2,"Eixample",8,"l'Antiga Esquerra de l'Eixample",86,25577
2015,2,"Eixample",8,"l'Antiga Esquerra de l'Eixample",87,23355
2015,2,"Eixample",8,"l'Antiga Esquerra de l'Eixample",88,25587
2015,2,"Eixample",8,"l'Antiga Esquerra de l'Eixample",89,22424
2015,2,"Eixample",8,"l'Antiga Esquerra de l'Eixample",90,22010
2015,2,"Eixample",8,"l'Antiga Esquerra de l'Eixample",91,22659
2015,2,"Eixample",8,"l'Antiga Esquerra de l'Eixample",92,21914
2015,2,"Eixample",8,"l'Antiga Esquerra de l'Eixample",93,23113
2015,2,"Eixample",8,"l'Antiga Esquerra de l'Eixample",94,23648
2015,2,"Eixample",8,"l'Antiga Esquerra de l'Eixample",95,21877
2015,2,"Eixample",8,"l'Antiga Esquerra de l'Eixample",96,19905
2015,2,"Eixample",8,"l'Antiga Esquerra de l'Eixample",97,18529
2015,2,"Eixample",8,"l'Antiga Esquerra de l'Eixample",98,20725
2015,2,"Eixample",8,"l'Antiga Esquerra de l'Eixample",99,24159
2015,2,"Eixample",8,"l'Antiga Esquerra de l'Eixample",100,23252
2015,2,"Eixample",8,"l'Antiga Esquerra de l'Eixample",101,21531
2015,2,"Eixample",8,"l'Antiga Esquerra de l'Eixample",102,25428
2015,2,"Eixample",8,"l'Antiga Esquerra de l'Eixample",103,18553
2015,2,"Eixample",8,"l'Antiga Esquerra de l'Eixample",104,25130
2015,2,"Eixample",8,"l'Antiga Esquerra de l'Eixample",105,19821
2015,2,"Eixample",8,"l'Antiga Esquerra de l'Eixample",106,26563
2015,2,"Eixample",8,"l'Antiga Esquerra de l'Eixample",107,26680
2015,2,"Eixample",8,"l'Antiga Esquerra de l'Eixample",108,27587
2015,2,"Eixample",8,"l'Antiga Esquerra de l'Eixample",109,27965
2015,2,"Eixample",9,"la Nova Esquerra de l'Eixample",110,21479
2015,2,"Eixample",9,"la Nova Esquerra de l'Eixample",111,22961
2015,2,"Eixample",9,"la Nova Esquerra de l'Eixample",112,26764
2015,2,"Eixample",9,"la Nova Esquerra de l'Eixample",113,26466
2015,2,"Eixample",9,"la Nova Esquerra de l'Eixample",114,22867
2015,2,"Eixample",9,"la Nova Esquerra de l'Eixample",115,19153
2015,2,"Eixample",9,"la Nova Esquerra de l'Eixample",116,25520
2015,2,"Eixample",9,"la Nova Esquerra de l'Eixample",117,22899
2015,2,"Eixample",9,"la Nova Esquerra de l'Eixample",118,25434
2015,2,"Eixample",9,"la Nova Esquerra de l'Eixample",119,22446
2015,2,"Eixample",9,"la Nova Esquerra de l'Eixample",120,21138
2015,2,"Eixample",9,"la Nova Esquerra de l'Eixample",121,22166
2015,2,"Eixample",9,"la Nova Esquerra de l'Eixample",122,27240
2015,2,"Eixample",9,"la Nova Esquerra de l'Eixample",123,20538
2015,2,"Eixample",9,"la Nova Esquerra de l'Eixample",124,23738
2015,2,"Eixample",9,"la Nova Esquerra de l'Eixample",125,21867
2015,2,"Eixample",9,"la Nova Esquerra de l'Eixample",126,22446
2015,2,"Eixample",9,"la Nova Esquerra de l'Eixample",127,20606
2015,2,"Eixample",9,"la Nova Esquerra de l'Eixample",128,19386
2015,2,"Eixample",9,"la Nova Esquerra de l'Eixample",129,21291
2015,2,"Eixample",9,"la Nova Esquerra de l'Eixample",130,31939
2015,2,"Eixample",9,"la Nova Esquerra de l'Eixample",131,20024
2015,2,"Eixample",9,"la Nova Esquerra de l'Eixample",132,19578
2015,2,"Eixample",9,"la Nova Esquerra de l'Eixample",133,21989
2015,2,"Eixample",9,"la Nova Esquerra de l'Eixample",134,19703
2015,2,"Eixample",9,"la Nova Esquerra de l'Eixample",135,18276
2015,2,"Eixample",9,"la Nova Esquerra de l'Eixample",136,23196
2015,2,"Eixample",9,"la Nova Esquerra de l'Eixample",137,18509
2015,2,"Eixample",9,"la Nova Esquerra de l'Eixample",138,22006
2015,2,"Eixample",9,"la Nova Esquerra de l'Eixample",139,18518
2015,2,"Eixample",9,"la Nova Esquerra de l'Eixample",140,20781
2015,2,"Eixample",9,"la Nova Esquerra de l'Eixample",141,20000
2015,2,"Eixample",9,"la Nova Esquerra de l'Eixample",142,16834
2015,2,"Eixample",9,"la Nova Esquerra de l'Eixample",143,20910
2015,2,"Eixample",9,"la Nova Esquerra de l'Eixample",144,21607
2015,2,"Eixample",9,"la Nova Esquerra de l'Eixample",145,20312
2015,2,"Eixample",9,"la Nova Esquerra de l'Eixample",146,19448
2015,2,"Eixample",9,"la Nova Esquerra de l'Eixample",147,18190
2015,2,"Eixample",9,"la Nova Esquerra de l'Eixample",148,20385
2015,2,"Eixample",9,"la Nova Esquerra de l'Eixample",149,18815
2015,2,"Eixample",10,"Sant Antoni",150,16740
2015,2,"Eixample",10,"Sant Antoni",151,18925
2015,2,"Eixample",10,"Sant Antoni",152,22184
2015,2,"Eixample",10,"Sant Antoni",153,20455
2015,2,"Eixample",10,"Sant Antoni",154,16064
2015,2,"Eixample",10,"Sant Antoni",155,16784
2015,2,"Eixample",10,"Sant Antoni",156,18459
2015,2,"Eixample",10,"Sant Antoni",157,17059
2015,2,"Eixample",10,"Sant Antoni",158,20905
2015,2,"Eixample",10,"Sant Antoni",159,19442
2015,2,"Eixample",10,"Sant Antoni",160,20862
2015,2,"Eixample",10,"Sant Antoni",161,18809
2015,2,"Eixample",10,"Sant Antoni",162,17102
2015,2,"Eixample",10,"Sant Antoni",163,21274
2015,2,"Eixample",10,"Sant Antoni",164,20953
2015,2,"Eixample",10,"Sant Antoni",165,19790
2015,2,"Eixample",10,"Sant Antoni",166,17798
2015,2,"Eixample",10,"Sant Antoni",167,19170
2015,2,"Eixample",10,"Sant Antoni",168,18969
2015,2,"Eixample",10,"Sant Antoni",169,16674
2015,2,"Eixample",10,"Sant Antoni",170,17588
2015,2,"Eixample",10,"Sant Antoni",171,16459
2015,2,"Eixample",10,"Sant Antoni",172,16113
2015,2,"Eixample",10,"Sant Antoni",173,18583
2015,3,"Sants-Montjuïc",11,"el Poble Sec",1,14755
2015,3,"Sants-Montjuïc",11,"el Poble Sec",2,12812
2015,3,"Sants-Montjuïc",11,"el Poble Sec",3,12595
2015,3,"Sants-Montjuïc",11,"el Poble Sec",4,16171
2015,3,"Sants-Montjuïc",11,"el Poble Sec",5,13753
2015,3,"Sants-Montjuïc",11,"el Poble Sec",6,12798
2015,3,"Sants-Montjuïc",11,"el Poble Sec",7,12964
2015,3,"Sants-Montjuïc",11,"el Poble Sec",8,12188
2015,3,"Sants-Montjuïc",11,"el Poble Sec",9,14180
2015,3,"Sants-Montjuïc",11,"el Poble Sec",10,12631
2015,3,"Sants-Montjuïc",11,"el Poble Sec",11,11197
2015,3,"Sants-Montjuïc",11,"el Poble Sec",12,13237
2015,3,"Sants-Montjuïc",11,"el Poble Sec",13,11389
2015,3,"Sants-Montjuïc",11,"el Poble Sec",14,11002
2015,3,"Sants-Montjuïc",11,"el Poble Sec",15,12296
2015,3,"Sants-Montjuïc",11,"el Poble Sec",16,10886
2015,3,"Sants-Montjuïc",11,"el Poble Sec",17,11293
2015,3,"Sants-Montjuïc",11,"el Poble Sec",18,12920
2015,3,"Sants-Montjuïc",11,"el Poble Sec",19,12542
2015,3,"Sants-Montjuïc",11,"el Poble Sec",20,15766
2015,3,"Sants-Montjuïc",11,"el Poble Sec",21,16128
2015,3,"Sants-Montjuïc",11,"el Poble Sec",22,14566
2015,3,"Sants-Montjuïc",11,"el Poble Sec",23,11636
2015,3,"Sants-Montjuïc",11,"el Poble Sec",24,13232
2015,3,"Sants-Montjuïc",12,"la Marina del Prat Vermell",25,10176
2015,3,"Sants-Montjuïc",13,"la Marina de Port",26,15122
2015,3,"Sants-Montjuïc",13,"la Marina de Port",27,14966
2015,3,"Sants-Montjuïc",13,"la Marina de Port",28,18336
2015,3,"Sants-Montjuïc",13,"la Marina de Port",29,12300
2015,3,"Sants-Montjuïc",13,"la Marina de Port",30,14303
2015,3,"Sants-Montjuïc",13,"la Marina de Port",31,13312
2015,3,"Sants-Montjuïc",13,"la Marina de Port",32,11906
2015,3,"Sants-Montjuïc",13,"la Marina de Port",33,10130
2015,3,"Sants-Montjuïc",13,"la Marina de Port",34,13949
2015,3,"Sants-Montjuïc",13,"la Marina de Port",35,14614
2015,3,"Sants-Montjuïc",13,"la Marina de Port",36,16777
2015,3,"Sants-Montjuïc",13,"la Marina de Port",37,14497
2015,3,"Sants-Montjuïc",13,"la Marina de Port",38,9659
2015,3,"Sants-Montjuïc",13,"la Marina de Port",39,10284
2015,3,"Sants-Montjuïc",14,"la Font de la Guatlla",40,19650
2015,3,"Sants-Montjuïc",14,"la Font de la Guatlla",41,15027
2015,3,"Sants-Montjuïc",14,"la Font de la Guatlla",42,15377
2015,3,"Sants-Montjuïc",14,"la Font de la Guatlla",43,16025
2015,3,"Sants-Montjuïc",14,"la Font de la Guatlla",44,14837
2015,3,"Sants-Montjuïc",14,"la Font de la Guatlla",45,16981
2015,3,"Sants-Montjuïc",14,"la Font de la Guatlla",46,21280
2015,3,"Sants-Montjuïc",15,"Hostafrancs",47,15132
2015,3,"Sants-Montjuïc",15,"Hostafrancs",48,20268
2015,3,"Sants-Montjuïc",15,"Hostafrancs",49,16927
2015,3,"Sants-Montjuïc",15,"Hostafrancs",50,16717
2015,3,"Sants-Montjuïc",15,"Hostafrancs",51,14146
2015,3,"Sants-Montjuïc",15,"Hostafrancs",52,13529
2015,3,"Sants-Montjuïc",15,"Hostafrancs",53,14415
2015,3,"Sants-Montjuïc",15,"Hostafrancs",54,17379
2015,3,"Sants-Montjuïc",15,"Hostafrancs",55,16287
2015,3,"Sants-Montjuïc",15,"Hostafrancs",56,17172
2015,3,"Sants-Montjuïc",16,"la Bordeta",57,15088
2015,3,"Sants-Montjuïc",16,"la Bordeta",58,18762
2015,3,"Sants-Montjuïc",16,"la Bordeta",59,14498
2015,3,"Sants-Montjuïc",16,"la Bordeta",60,17591
2015,3,"Sants-Montjuïc",16,"la Bordeta",61,14844
2015,3,"Sants-Montjuïc",16,"la Bordeta",62,15565
2015,3,"Sants-Montjuïc",16,"la Bordeta",63,14349
2015,3,"Sants-Montjuïc",16,"la Bordeta",64,16761
2015,3,"Sants-Montjuïc",16,"la Bordeta",65,16818
2015,3,"Sants-Montjuïc",16,"la Bordeta",66,15553
2015,3,"Sants-Montjuïc",16,"la Bordeta",67,16255
2015,3,"Sants-Montjuïc",16,"la Bordeta",68,16108
2015,3,"Sants-Montjuïc",16,"la Bordeta",69,17325
2015,3,"Sants-Montjuïc",17,"Sants - Badal",70,14053
2015,3,"Sants-Montjuïc",17,"Sants - Badal",71,13360
2015,3,"Sants-Montjuïc",17,"Sants - Badal",72,13882
2015,3,"Sants-Montjuïc",17,"Sants - Badal",73,17028
2015,3,"Sants-Montjuïc",17,"Sants - Badal",74,15308
2015,3,"Sants-Montjuïc",17,"Sants - Badal",75,15238
2015,3,"Sants-Montjuïc",17,"Sants - Badal",76,15539
2015,3,"Sants-Montjuïc",17,"Sants - Badal",77,15448
2015,3,"Sants-Montjuïc",17,"Sants - Badal",78,15394
2015,3,"Sants-Montjuïc",17,"Sants - Badal",79,13347
2015,3,"Sants-Montjuïc",17,"Sants - Badal",80,16182
2015,3,"Sants-Montjuïc",17,"Sants - Badal",81,16875
2015,3,"Sants-Montjuïc",17,"Sants - Badal",82,19294
2015,3,"Sants-Montjuïc",17,"Sants - Badal",83,24282
2015,3,"Sants-Montjuïc",17,"Sants - Badal",84,17950
2015,3,"Sants-Montjuïc",17,"Sants - Badal",85,16715
2015,3,"Sants-Montjuïc",18,"Sants",86,23961
2015,3,"Sants-Montjuïc",18,"Sants",87,20701
2015,3,"Sants-Montjuïc",18,"Sants",88,17068
2015,3,"Sants-Montjuïc",18,"Sants",89,20470
2015,3,"Sants-Montjuïc",18,"Sants",90,23662
2015,3,"Sants-Montjuïc",18,"Sants",91,18550
2015,3,"Sants-Montjuïc",18,"Sants",92,16907
2015,3,"Sants-Montjuïc",18,"Sants",93,18461
2015,3,"Sants-Montjuïc",18,"Sants",94,19293
2015,3,"Sants-Montjuïc",18,"Sants",95,16521
2015,3,"Sants-Montjuïc",18,"Sants",96,15092
2015,3,"Sants-Montjuïc",18,"Sants",97,10604
2015,3,"Sants-Montjuïc",18,"Sants",98,13967
2015,3,"Sants-Montjuïc",18,"Sants",99,16284
2015,3,"Sants-Montjuïc",18,"Sants",100,16076
2015,3,"Sants-Montjuïc",18,"Sants",101,15020
2015,3,"Sants-Montjuïc",18,"Sants",102,17435
2015,3,"Sants-Montjuïc",18,"Sants",103,17230
2015,3,"Sants-Montjuïc",18,"Sants",104,15638
2015,3,"Sants-Montjuïc",18,"Sants",105,14800
2015,3,"Sants-Montjuïc",18,"Sants",106,15896
2015,3,"Sants-Montjuïc",18,"Sants",107,19294
2015,3,"Sants-Montjuïc",18,"Sants",108,15957
2015,3,"Sants-Montjuïc",18,"Sants",109,16812
2015,3,"Sants-Montjuïc",18,"Sants",110,18204
2015,3,"Sants-Montjuïc",18,"Sants",111,17148
2015,3,"Sants-Montjuïc",18,"Sants",112,21445
2015,3,"Sants-Montjuïc",18,"Sants",113,24694
2015,3,"Sants-Montjuïc",18,"Sants",114,22636
2015,3,"Sants-Montjuïc",13,"la Marina de Port",211,14956
2015,3,"Sants-Montjuïc",13,"la Marina de Port",212,13544
2015,3,"Sants-Montjuïc",13,"la Marina de Port",213,10690
2015,4,"Les Corts",19,"les Corts",1,20693
2015,4,"Les Corts",19,"les Corts",2,25250
2015,4,"Les Corts",19,"les Corts",3,21992
2015,4,"Les Corts",19,"les Corts",4,21475
2015,4,"Les Corts",19,"les Corts",5,21160
2015,4,"Les Corts",19,"les Corts",6,20823
2015,4,"Les Corts",19,"les Corts",7,17886
2015,4,"Les Corts",19,"les Corts",8,18842
2015,4,"Les Corts",19,"les Corts",9,21117
2015,4,"Les Corts",19,"les Corts",10,24499
2015,4,"Les Corts",19,"les Corts",11,26832
2015,4,"Les Corts",19,"les Corts",12,23705
2015,4,"Les Corts",19,"les Corts",13,25834
2015,4,"Les Corts",19,"les Corts",14,25953
2015,4,"Les Corts",19,"les Corts",15,24665
2015,4,"Les Corts",19,"les Corts",16,24806
2015,4,"Les Corts",19,"les Corts",17,24664
2015,4,"Les Corts",19,"les Corts",18,26356
2015,4,"Les Corts",19,"les Corts",19,32562
2015,4,"Les Corts",19,"les Corts",20,25205
2015,4,"Les Corts",19,"les Corts",21,31646
2015,4,"Les Corts",19,"les Corts",22,24977
2015,4,"Les Corts",19,"les Corts",23,39696
2015,4,"Les Corts",19,"les Corts",24,39696
2015,4,"Les Corts",19,"les Corts",25,23376
2015,4,"Les Corts",19,"les Corts",26,23006
2015,4,"Les Corts",19,"les Corts",27,24669
2015,4,"Les Corts",19,"les Corts",28,22469
2015,4,"Les Corts",19,"les Corts",29,27099
2015,4,"Les Corts",19,"les Corts",30,27174
2015,4,"Les Corts",19,"les Corts",31,19017
2015,4,"Les Corts",19,"les Corts",32,21265
2015,4,"Les Corts",19,"les Corts",33,20472
2015,4,"Les Corts",19,"les Corts",34,27696
2015,4,"Les Corts",19,"les Corts",35,25408
2015,4,"Les Corts",20,"la Maternitat i Sant Ramon",36,19818
2015,4,"Les Corts",20,"la Maternitat i Sant Ramon",37,21116
2015,4,"Les Corts",20,"la Maternitat i Sant Ramon",38,21812
2015,4,"Les Corts",20,"la Maternitat i Sant Ramon",39,19490
2015,4,"Les Corts",20,"la Maternitat i Sant Ramon",40,15503
2015,4,"Les Corts",20,"la Maternitat i Sant Ramon",41,16875
2015,4,"Les Corts",20,"la Maternitat i Sant Ramon",42,17100
2015,4,"Les Corts",20,"la Maternitat i Sant Ramon",43,25351
2015,4,"Les Corts",20,"la Maternitat i Sant Ramon",44,19491
2015,4,"Les Corts",20,"la Maternitat i Sant Ramon",45,18322
2015,4,"Les Corts",20,"la Maternitat i Sant Ramon",46,28639
2015,4,"Les Corts",20,"la Maternitat i Sant Ramon",47,23719
2015,4,"Les Corts",20,"la Maternitat i Sant Ramon",48,24774
2015,4,"Les Corts",20,"la Maternitat i Sant Ramon",49,32857
2015,4,"Les Corts",21,"Pedralbes",50,39696
2015,4,"Les Corts",21,"Pedralbes",51,26345
2015,4,"Les Corts",21,"Pedralbes",52,39696
2015,4,"Les Corts",21,"Pedralbes",53,28079
2015,4,"Les Corts",21,"Pedralbes",54,39696
2015,4,"Les Corts",21,"Pedralbes",55,39696
2015,4,"Les Corts",21,"Pedralbes",56,39696
2015,4,"Les Corts",20,"la Maternitat i Sant Ramon",84,29260
2015,5,"Sarrià-Sant Gervasi",22,"Vallvidrera, el Tibidabo i les Planes",1,15717
2015,5,"Sarrià-Sant Gervasi",22,"Vallvidrera, el Tibidabo i les Planes",2,30225
2015,5,"Sarrià-Sant Gervasi",22,"Vallvidrera, el Tibidabo i les Planes",3,27662
2015,5,"Sarrià-Sant Gervasi",23,"Sarrià",4,39696
2015,5,"Sarrià-Sant Gervasi",23,"Sarrià",5,36264
2015,5,"Sarrià-Sant Gervasi",23,"Sarrià",6,39696
2015,5,"Sarrià-Sant Gervasi",23,"Sarrià",7,34997
2015,5,"Sarrià-Sant Gervasi",23,"Sarrià",8,35194
2015,5,"Sarrià-Sant Gervasi",23,"Sarrià",9,30342
2015,5,"Sarrià-Sant Gervasi",23,"Sarrià",10,27072
2015,5,"Sarrià-Sant Gervasi",23,"Sarrià",11,29784
2015,5,"Sarrià-Sant Gervasi",23,"Sarrià",12,26100
2015,5,"Sarrià-Sant Gervasi",23,"Sarrià",13,27396
2015,5,"Sarrià-Sant Gervasi",23,"Sarrià",14,29826
2015,5,"Sarrià-Sant Gervasi",23,"Sarrià",15,27439
2015,5,"Sarrià-Sant Gervasi",23,"Sarrià",16,23301
2015,5,"Sarrià-Sant Gervasi",23,"Sarrià",17,39696
2015,5,"Sarrià-Sant Gervasi",23,"Sarrià",18,28312
2015,5,"Sarrià-Sant Gervasi",23,"Sarrià",19,37217
2015,5,"Sarrià-Sant Gervasi",24,"les Tres Torres",20,34686
2015,5,"Sarrià-Sant Gervasi",24,"les Tres Torres",21,39696
2015,5,"Sarrià-Sant Gervasi",24,"les Tres Torres",22,39696
2015,5,"Sarrià-Sant Gervasi",24,"les Tres Torres",23,24361
2015,5,"Sarrià-Sant Gervasi",24,"les Tres Torres",24,39696
2015,5,"Sarrià-Sant Gervasi",24,"les Tres Torres",25,39696
2015,5,"Sarrià-Sant Gervasi",24,"les Tres Torres",26,39696
2015,5,"Sarrià-Sant Gervasi",24,"les Tres Torres",27,39696
2015,5,"Sarrià-Sant Gervasi",24,"les Tres Torres",28,37927
2015,5,"Sarrià-Sant Gervasi",24,"les Tres Torres",29,39696
2015,5,"Sarrià-Sant Gervasi",24,"les Tres Torres",30,39696
2015,5,"Sarrià-Sant Gervasi",25,"Sant Gervasi - la Bonanova",31,39696
2015,5,"Sarrià-Sant Gervasi",25,"Sant Gervasi - la Bonanova",32,39696
2015,5,"Sarrià-Sant Gervasi",25,"Sant Gervasi - la Bonanova",33,39696
2015,5,"Sarrià-Sant Gervasi",25,"Sant Gervasi - la Bonanova",34,27213
2015,5,"Sarrià-Sant Gervasi",25,"Sant Gervasi - la Bonanova",35,39696
2015,5,"Sarrià-Sant Gervasi",25,"Sant Gervasi - la Bonanova",36,36387
2015,5,"Sarrià-Sant Gervasi",25,"Sant Gervasi - la Bonanova",37,29074
2015,5,"Sarrià-Sant Gervasi",25,"Sant Gervasi - la Bonanova",38,25399
2015,5,"Sarrià-Sant Gervasi",25,"Sant Gervasi - la Bonanova",39,36102
2015,5,"Sarrià-Sant Gervasi",25,"Sant Gervasi - la Bonanova",40,24064
2015,5,"Sarrià-Sant Gervasi",25,"Sant Gervasi - la Bonanova",41,24212
2015,5,"Sarrià-Sant Gervasi",25,"Sant Gervasi - la Bonanova",42,26753
2015,5,"Sarrià-Sant Gervasi",25,"Sant Gervasi - la Bonanova",43,26632
2015,5,"Sarrià-Sant Gervasi",25,"Sant Gervasi - la Bonanova",44,22680
2015,5,"Sarrià-Sant Gervasi",25,"Sant Gervasi - la Bonanova",45,31116
2015,5,"Sarrià-Sant Gervasi",25,"Sant Gervasi - la Bonanova",46,39696
2015,5,"Sarrià-Sant Gervasi",25,"Sant Gervasi - la Bonanova",47,32978
2015,5,"Sarrià-Sant Gervasi",25,"Sant Gervasi - la Bonanova",48,35544
2015,5,"Sarrià-Sant Gervasi",26,"Sant Gervasi - Galvany",49,39696
2015,5,"Sarrià-Sant Gervasi",26,"Sant Gervasi - Galvany",50,29108
2015,5,"Sarrià-Sant Gervasi",26,"Sant Gervasi - Galvany",51,37489
2015,5,"Sarrià-Sant Gervasi",26,"Sant Gervasi - Galvany",52,39696
2015,5,"Sarrià-Sant Gervasi",26,"Sant Gervasi - Galvany",53,39696
2015,5,"Sarrià-Sant Gervasi",26,"Sant Gervasi - Galvany",54,39696
2015,5,"Sarrià-Sant Gervasi",26,"Sant Gervasi - Galvany",55,39696
2015,5,"Sarrià-Sant Gervasi",26,"Sant Gervasi - Galvany",56,39696
2015,5,"Sarrià-Sant Gervasi",26,"Sant Gervasi - Galvany",57,39696
2015,5,"Sarrià-Sant Gervasi",26,"Sant Gervasi - Galvany",58,37895
2015,5,"Sarrià-Sant Gervasi",26,"Sant Gervasi - Galvany",59,39696
2015,5,"Sarrià-Sant Gervasi",26,"Sant Gervasi - Galvany",60,39696
2015,5,"Sarrià-Sant Gervasi",26,"Sant Gervasi - Galvany",61,25123
2015,5,"Sarrià-Sant Gervasi",26,"Sant Gervasi - Galvany",62,34560
2015,5,"Sarrià-Sant Gervasi",26,"Sant Gervasi - Galvany",63,31680
2015,5,"Sarrià-Sant Gervasi",26,"Sant Gervasi - Galvany",64,33768
2015,5,"Sarrià-Sant Gervasi",26,"Sant Gervasi - Galvany",65,29202
2015,5,"Sarrià-Sant Gervasi",26,"Sant Gervasi - Galvany",66,36135
2015,5,"Sarrià-Sant Gervasi",26,"Sant Gervasi - Galvany",67,35376
2015,5,"Sarrià-Sant Gervasi",26,"Sant Gervasi - Galvany",68,30124
2015,5,"Sarrià-Sant Gervasi",26,"Sant Gervasi - Galvany",69,28314
2015,5,"Sarrià-Sant Gervasi",26,"Sant Gervasi - Galvany",70,26377
2015,5,"Sarrià-Sant Gervasi",26,"Sant Gervasi - Galvany",71,24720
2015,5,"Sarrià-Sant Gervasi",26,"Sant Gervasi - Galvany",72,31119
2015,5,"Sarrià-Sant Gervasi",26,"Sant Gervasi - Galvany",73,26538
2015,5,"Sarrià-Sant Gervasi",26,"Sant Gervasi - Galvany",74,31401
2015,5,"Sarrià-Sant Gervasi",26,"Sant Gervasi - Galvany",75,29675
2015,5,"Sarrià-Sant Gervasi",26,"Sant Gervasi - Galvany",76,29658
2015,5,"Sarrià-Sant Gervasi",26,"Sant Gervasi - Galvany",77,30566
2015,5,"Sarrià-Sant Gervasi",26,"Sant Gervasi - Galvany",78,30506
2015,5,"Sarrià-Sant Gervasi",26,"Sant Gervasi - Galvany",79,28115
2015,5,"Sarrià-Sant Gervasi",27,"el Putget i Farró",80,25843
2015,5,"Sarrià-Sant Gervasi",27,"el Putget i Farró",81,26229
2015,5,"Sarrià-Sant Gervasi",27,"el Putget i Farró",82,22922
2015,5,"Sarrià-Sant Gervasi",27,"el Putget i Farró",83,23703
2015,5,"Sarrià-Sant Gervasi",27,"el Putget i Farró",84,22356
2015,5,"Sarrià-Sant Gervasi",27,"el Putget i Farró",85,21962
2015,5,"Sarrià-Sant Gervasi",27,"el Putget i Farró",86,23426
2015,5,"Sarrià-Sant Gervasi",27,"el Putget i Farró",87,26313
2015,5,"Sarrià-Sant Gervasi",27,"el Putget i Farró",88,25007
2015,5,"Sarrià-Sant Gervasi",27,"el Putget i Farró",89,27437
2015,5,"Sarrià-Sant Gervasi",27,"el Putget i Farró",90,25289
2015,5,"Sarrià-Sant Gervasi",27,"el Putget i Farró",91,24999
2015,5,"Sarrià-Sant Gervasi",27,"el Putget i Farró",92,31919
2015,5,"Sarrià-Sant Gervasi",27,"el Putget i Farró",93,26853
2015,5,"Sarrià-Sant Gervasi",27,"el Putget i Farró",94,31358
2015,5,"Sarrià-Sant Gervasi",27,"el Putget i Farró",95,22413
2015,5,"Sarrià-Sant Gervasi",27,"el Putget i Farró",96,22793
2015,5,"Sarrià-Sant Gervasi",27,"el Putget i Farró",97,27249
2015,5,"Sarrià-Sant Gervasi",27,"el Putget i Farró",98,24194
2015,6,"Gràcia",28,"Vallcarca i els Penitents",1,20142
2015,6,"Gràcia",28,"Vallcarca i els Penitents",2,20042
2015,6,"Gràcia",28,"Vallcarca i els Penitents",3,18637
2015,6,"Gràcia",28,"Vallcarca i els Penitents",4,20334
2015,6,"Gràcia",28,"Vallcarca i els Penitents",6,26934
2015,6,"Gràcia",28,"Vallcarca i els Penitents",7,22008
2015,6,"Gràcia",28,"Vallcarca i els Penitents",8,20317
2015,6,"Gràcia",28,"Vallcarca i els Penitents",9,39203
2015,6,"Gràcia",28,"Vallcarca i els Penitents",10,23262
2015,6,"Gràcia",28,"Vallcarca i els Penitents",11,22993
2015,6,"Gràcia",28,"Vallcarca i els Penitents",12,29675
2015,6,"Gràcia",29,"el Coll",13,19755
2015,6,"Gràcia",29,"el Coll",14,17888
2015,6,"Gràcia",29,"el Coll",15,15189
2015,6,"Gràcia",29,"el Coll",16,14779
2015,6,"Gràcia",29,"el Coll",17,15640
2015,6,"Gràcia",30,"la Salut",18,18920
2015,6,"Gràcia",30,"la Salut",19,19013
2015,6,"Gràcia",30,"la Salut",20,19118
2015,6,"Gràcia",30,"la Salut",21,23425
2015,6,"Gràcia",30,"la Salut",22,20274
2015,6,"Gràcia",30,"la Salut",23,27273
2015,6,"Gràcia",30,"la Salut",24,21171
2015,6,"Gràcia",30,"la Salut",25,22059
2015,6,"Gràcia",30,"la Salut",26,21090
2015,6,"Gràcia",30,"la Salut",27,23318
2015,6,"Gràcia",31,"Vila de Gràcia",28,18363
2015,6,"Gràcia",31,"Vila de Gràcia",29,20850
2015,6,"Gràcia",31,"Vila de Gràcia",30,17633
2015,6,"Gràcia",31,"Vila de Gràcia",31,19224
2015,6,"Gràcia",31,"Vila de Gràcia",32,17796
2015,6,"Gràcia",31,"Vila de Gràcia",33,19941
2015,6,"Gràcia",31,"Vila de Gràcia",34,18659
2015,6,"Gràcia",31,"Vila de Gràcia",35,23505
2015,6,"Gràcia",31,"Vila de Gràcia",36,23296
2015,6,"Gràcia",31,"Vila de Gràcia",37,21518
2015,6,"Gràcia",31,"Vila de Gràcia",38,20123
2015,6,"Gràcia",31,"Vila de Gràcia",39,18303
2015,6,"Gràcia",31,"Vila de Gràcia",40,21868
2015,6,"Gràcia",31,"Vila de Gràcia",41,20686
2015,6,"Gràcia",31,"Vila de Gràcia",42,23700
2015,6,"Gràcia",31,"Vila de Gràcia",43,20956
2015,6,"Gràcia",31,"Vila de Gràcia",44,27177
2015,6,"Gràcia",31,"Vila de Gràcia",45,22591
2015,6,"Gràcia",31,"Vila de Gràcia",46,16946
2015,6,"Gràcia",31,"Vila de Gràcia",47,14651
2015,6,"Gràcia",31,"Vila de Gràcia",48,18022
2015,6,"Gràcia",31,"Vila de Gràcia",49,18529
2015,6,"Gràcia",31,"Vila de Gràcia",50,15643
2015,6,"Gràcia",31,"Vila de Gràcia",51,17521
2015,6,"Gràcia",31,"Vila de Gràcia",52,17598
2015,6,"Gràcia",31,"Vila de Gràcia",53,19312
2015,6,"Gràcia",31,"Vila de Gràcia",54,17895
2015,6,"Gràcia",31,"Vila de Gràcia",55,18755
2015,6,"Gràcia",31,"Vila de Gràcia",56,16469
2015,6,"Gràcia",31,"Vila de Gràcia",57,17338
2015,6,"Gràcia",31,"Vila de Gràcia",58,18336
2015,6,"Gràcia",31,"Vila de Gràcia",59,18765
2015,6,"Gràcia",31,"Vila de Gràcia",60,16979
2015,6,"Gràcia",31,"Vila de Gràcia",61,19938
2015,6,"Gràcia",31,"Vila de Gràcia",62,17378
2015,6,"Gràcia",31,"Vila de Gràcia",63,17288
2015,6,"Gràcia",32,"el Camp d'en Grassot i Gràcia Nova",64,21908
2015,6,"Gràcia",32,"el Camp d'en Grassot i Gràcia Nova",65,21878
2015,6,"Gràcia",32,"el Camp d'en Grassot i Gràcia Nova",66,19350
2015,6,"Gràcia",32,"el Camp d'en Grassot i Gràcia Nova",67,20144
2015,6,"Gràcia",32,"el Camp d'en Grassot i Gràcia Nova",68,21640
2015,6,"Gràcia",32,"el Camp d'en Grassot i Gràcia Nova",69,22069
2015,6,"Gràcia",32,"el Camp d'en Grassot i Gràcia Nova",70,19090
2015,6,"Gràcia",32,"el Camp d'en Grassot i Gràcia Nova",71,20903
2015,6,"Gràcia",32,"el Camp d'en Grassot i Gràcia Nova",72,23028
2015,6,"Gràcia",32,"el Camp d'en Grassot i Gràcia Nova",73,19179
2015,6,"Gràcia",32,"el Camp d'en Grassot i Gràcia Nova",74,19393
2015,6,"Gràcia",32,"el Camp d'en Grassot i Gràcia Nova",75,23134
2015,6,"Gràcia",32,"el Camp d'en Grassot i Gràcia Nova",76,21307
2015,6,"Gràcia",32,"el Camp d'en Grassot i Gràcia Nova",77,17805
2015,6,"Gràcia",32,"el Camp d'en Grassot i Gràcia Nova",78,17912
2015,6,"Gràcia",32,"el Camp d'en Grassot i Gràcia Nova",79,19706
2015,6,"Gràcia",32,"el Camp d'en Grassot i Gràcia Nova",80,19204
2015,6,"Gràcia",32,"el Camp d'en Grassot i Gràcia Nova",81,20095
2015,6,"Gràcia",32,"el Camp d'en Grassot i Gràcia Nova",82,21184
2015,6,"Gràcia",32,"el Camp d'en Grassot i Gràcia Nova",83,21847
2015,6,"Gràcia",32,"el Camp d'en Grassot i Gràcia Nova",84,19108
2015,6,"Gràcia",32,"el Camp d'en Grassot i Gràcia Nova",85,21849
2015,6,"Gràcia",32,"el Camp d'en Grassot i Gràcia Nova",86,25324
2015,6,"Gràcia",32,"el Camp d'en Grassot i Gràcia Nova",87,25355
2015,6,"Gràcia",32,"el Camp d'en Grassot i Gràcia Nova",88,20472
2015,7,"Horta-Guinardó",33,"el Baix Guinardó",1,20398
2015,7,"Horta-Guinardó",33,"el Baix Guinardó",2,17310
2015,7,"Horta-Guinardó",33,"el Baix Guinardó",3,18578
2015,7,"Horta-Guinardó",33,"el Baix Guinardó",4,16927
2015,7,"Horta-Guinardó",33,"el Baix Guinardó",5,17651
2015,7,"Horta-Guinardó",33,"el Baix Guinardó",6,19597
2015,7,"Horta-Guinardó",33,"el Baix Guinardó",7,15830
2015,7,"Horta-Guinardó",33,"el Baix Guinardó",8,21465
2015,7,"Horta-Guinardó",33,"el Baix Guinardó",9,16742
2015,7,"Horta-Guinardó",33,"el Baix Guinardó",10,17765
2015,7,"Horta-Guinardó",33,"el Baix Guinardó",11,19146
2015,7,"Horta-Guinardó",33,"el Baix Guinardó",12,17254
2015,7,"Horta-Guinardó",33,"el Baix Guinardó",13,19584
2015,7,"Horta-Guinardó",33,"el Baix Guinardó",14,14975
2015,7,"Horta-Guinardó",33,"el Baix Guinardó",15,16886
2015,7,"Horta-Guinardó",33,"el Baix Guinardó",16,19824
2015,7,"Horta-Guinardó",33,"el Baix Guinardó",17,17009
2015,7,"Horta-Guinardó",33,"el Baix Guinardó",18,18526
2015,7,"Horta-Guinardó",33,"el Baix Guinardó",19,17881
2015,7,"Horta-Guinardó",34,"Can Baró",20,18271
2015,7,"Horta-Guinardó",34,"Can Baró",21,20127
2015,7,"Horta-Guinardó",34,"Can Baró",22,15779
2015,7,"Horta-Guinardó",34,"Can Baró",23,12535
2015,7,"Horta-Guinardó",34,"Can Baró",24,17166
2015,7,"Horta-Guinardó",34,"Can Baró",25,15449
2015,7,"Horta-Guinardó",34,"Can Baró",26,15732
2015,7,"Horta-Guinardó",35,"el Guinardó",27,15548
2015,7,"Horta-Guinardó",35,"el Guinardó",28,16237
2015,7,"Horta-Guinardó",35,"el Guinardó",29,19009
2015,7,"Horta-Guinardó",35,"el Guinardó",30,16087
2015,7,"Horta-Guinardó",35,"el Guinardó",31,15597
2015,7,"Horta-Guinardó",35,"el Guinardó",32,17146
2015,7,"Horta-Guinardó",35,"el Guinardó",33,17880
2015,7,"Horta-Guinardó",35,"el Guinardó",34,19378
2015,7,"Horta-Guinardó",35,"el Guinardó",35,20315
2015,7,"Horta-Guinardó",35,"el Guinardó",36,19995
2015,7,"Horta-Guinardó",35,"el Guinardó",37,18084
2015,7,"Horta-Guinardó",35,"el Guinardó",38,16572
2015,7,"Horta-Guinardó",35,"el Guinardó",39,18573
2015,7,"Horta-Guinardó",35,"el Guinardó",40,17850
2015,7,"Horta-Guinardó",35,"el Guinardó",41,15697
2015,7,"Horta-Guinardó",35,"el Guinardó",42,16693
2015,7,"Horta-Guinardó",35,"el Guinardó",43,17128
2015,7,"Horta-Guinardó",35,"el Guinardó",44,18920
2015,7,"Horta-Guinardó",35,"el Guinardó",45,16796
2015,7,"Horta-Guinardó",35,"el Guinardó",46,16131
2015,7,"Horta-Guinardó",35,"el Guinardó",47,17168
2015,7,"Horta-Guinardó",35,"el Guinardó",48,17393
2015,7,"Horta-Guinardó",35,"el Guinardó",49,18027
2015,7,"Horta-Guinardó",35,"el Guinardó",50,16579
2015,7,"Horta-Guinardó",35,"el Guinardó",51,16961
2015,7,"Horta-Guinardó",36,"la Font d'en Fargues",52,22180
2015,7,"Horta-Guinardó",36,"la Font d'en Fargues",53,19712
2015,7,"Horta-Guinardó",36,"la Font d'en Fargues",54,24276
2015,7,"Horta-Guinardó",36,"la Font d'en Fargues",55,25802
2015,7,"Horta-Guinardó",36,"la Font d'en Fargues",56,18247
2015,7,"Horta-Guinardó",36,"la Font d'en Fargues",57,19907
2015,7,"Horta-Guinardó",36,"la Font d'en Fargues",58,18299
2015,7,"Horta-Guinardó",37,"el Carmel",59,12368
2015,7,"Horta-Guinardó",37,"el Carmel",60,11645
2015,7,"Horta-Guinardó",37,"el Carmel",61,13384
2015,7,"Horta-Guinardó",37,"el Carmel",62,13250
2015,7,"Horta-Guinardó",37,"el Carmel",63,11133
2015,7,"Horta-Guinardó",37,"el Carmel",64,12418
2015,7,"Horta-Guinardó",37,"el Carmel",65,11155
2015,7,"Horta-Guinardó",37,"el Carmel",66,10763
2015,7,"Horta-Guinardó",37,"el Carmel",67,11108
2015,7,"Horta-Guinardó",37,"el Carmel",68,10692
2015,7,"Horta-Guinardó",37,"el Carmel",69,11342
2015,7,"Horta-Guinardó",37,"el Carmel",70,11681
2015,7,"Horta-Guinardó",37,"el Carmel",71,13801
2015,7,"Horta-Guinardó",37,"el Carmel",72,13370
2015,7,"Horta-Guinardó",37,"el Carmel",73,12530
2015,7,"Horta-Guinardó",37,"el Carmel",74,12644
2015,7,"Horta-Guinardó",37,"el Carmel",75,12057
2015,7,"Horta-Guinardó",37,"el Carmel",76,11610
2015,7,"Horta-Guinardó",37,"el Carmel",77,11175
2015,7,"Horta-Guinardó",37,"el Carmel",78,11863
2015,7,"Horta-Guinardó",37,"el Carmel",79,12540
2015,7,"Horta-Guinardó",37,"el Carmel",80,13006
2015,7,"Horta-Guinardó",38,"la Teixonera",81,14292
2015,7,"Horta-Guinardó",38,"la Teixonera",82,13128
2015,7,"Horta-Guinardó",38,"la Teixonera",83,13514
2015,7,"Horta-Guinardó",38,"la Teixonera",84,13440
2015,7,"Horta-Guinardó",38,"la Teixonera",85,14015
2015,7,"Horta-Guinardó",38,"la Teixonera",86,13726
2015,7,"Horta-Guinardó",38,"la Teixonera",87,14548
2015,7,"Horta-Guinardó",38,"la Teixonera",88,12034
2015,7,"Horta-Guinardó",39,"Sant Genís dels Agudells",89,18714
2015,7,"Horta-Guinardó",39,"Sant Genís dels Agudells",90,14221
2015,7,"Horta-Guinardó",39,"Sant Genís dels Agudells",91,15274
2015,7,"Horta-Guinardó",39,"Sant Genís dels Agudells",92,12322
2015,7,"Horta-Guinardó",39,"Sant Genís dels Agudells",93,15204
2015,7,"Horta-Guinardó",40,"Montbau",94,16607
2015,7,"Horta-Guinardó",40,"Montbau",95,17400
2015,7,"Horta-Guinardó",40,"Montbau",96,14727
2015,7,"Horta-Guinardó",40,"Montbau",97,17723
2015,7,"Horta-Guinardó",41,"la Vall d'Hebron",98,22464
2015,7,"Horta-Guinardó",41,"la Vall d'Hebron",99,18034
2015,7,"Horta-Guinardó",41,"la Vall d'Hebron",100,16775
2015,7,"Horta-Guinardó",41,"la Vall d'Hebron",101,17338
2015,7,"Horta-Guinardó",42,"la Clota",102,14838
2015,7,"Horta-Guinardó",43,"Horta",103,15245
2015,7,"Horta-Guinardó",43,"Horta",104,13716
2015,7,"Horta-Guinardó",43,"Horta",105,17265
2015,7,"Horta-Guinardó",43,"Horta",106,18813
2015,7,"Horta-Guinardó",43,"Horta",107,19346
2015,7,"Horta-Guinardó",43,"Horta",108,17590
2015,7,"Horta-Guinardó",43,"Horta",109,14298
2015,7,"Horta-Guinardó",43,"Horta",110,18004
2015,7,"Horta-Guinardó",43,"Horta",111,21471
2015,7,"Horta-Guinardó",43,"Horta",112,17240
2015,7,"Horta-Guinardó",43,"Horta",113,15300
2015,7,"Horta-Guinardó",43,"Horta",114,17948
2015,7,"Horta-Guinardó",43,"Horta",115,20190
2015,7,"Horta-Guinardó",43,"Horta",116,16153
2015,7,"Horta-Guinardó",43,"Horta",117,14564
2015,7,"Horta-Guinardó",43,"Horta",118,17094
2015,7,"Horta-Guinardó",43,"Horta",119,14654
2015,7,"Horta-Guinardó",43,"Horta",120,16286
2015,7,"Horta-Guinardó",43,"Horta",121,14702
2015,7,"Horta-Guinardó",43,"Horta",122,15560
2015,7,"Horta-Guinardó",43,"Horta",123,16669
2015,8,"Nou Barris",44,"Vilapicina i la Torre Llobeta",1,15486
2015,8,"Nou Barris",44,"Vilapicina i la Torre Llobeta",2,19381
2015,8,"Nou Barris",44,"Vilapicina i la Torre Llobeta",3,15711
2015,8,"Nou Barris",44,"Vilapicina i la Torre Llobeta",4,14794
2015,8,"Nou Barris",44,"Vilapicina i la Torre Llobeta",5,16127
2015,8,"Nou Barris",44,"Vilapicina i la Torre Llobeta",6,16691
2015,8,"Nou Barris",44,"Vilapicina i la Torre Llobeta",7,17457
2015,8,"Nou Barris",44,"Vilapicina i la Torre Llobeta",8,17184
2015,8,"Nou Barris",44,"Vilapicina i la Torre Llobeta",9,14819
2015,8,"Nou Barris",44,"Vilapicina i la Torre Llobeta",10,16742
2015,8,"Nou Barris",44,"Vilapicina i la Torre Llobeta",11,18626
2015,8,"Nou Barris",44,"Vilapicina i la Torre Llobeta",12,15303
2015,8,"Nou Barris",44,"Vilapicina i la Torre Llobeta",13,16154
2015,8,"Nou Barris",44,"Vilapicina i la Torre Llobeta",14,14922
2015,8,"Nou Barris",44,"Vilapicina i la Torre Llobeta",15,13801
2015,8,"Nou Barris",44,"Vilapicina i la Torre Llobeta",16,14156
2015,8,"Nou Barris",44,"Vilapicina i la Torre Llobeta",17,17711
2015,8,"Nou Barris",44,"Vilapicina i la Torre Llobeta",18,15033
2015,8,"Nou Barris",44,"Vilapicina i la Torre Llobeta",19,14008
2015,8,"Nou Barris",45,"Porta",20,16319
2015,8,"Nou Barris",45,"Porta",21,15041
2015,8,"Nou Barris",45,"Porta",22,16337
2015,8,"Nou Barris",45,"Porta",23,13604
2015,8,"Nou Barris",45,"Porta",24,15828
2015,8,"Nou Barris",45,"Porta",25,13654
2015,8,"Nou Barris",45,"Porta",26,15577
2015,8,"Nou Barris",45,"Porta",27,16594
2015,8,"Nou Barris",45,"Porta",28,13920
2015,8,"Nou Barris",45,"Porta",29,12651
2015,8,"Nou Barris",45,"Porta",30,12761
2015,8,"Nou Barris",45,"Porta",31,14618
2015,8,"Nou Barris",45,"Porta",32,15567
2015,8,"Nou Barris",45,"Porta",33,13206
2015,8,"Nou Barris",45,"Porta",34,12526
2015,8,"Nou Barris",45,"Porta",35,13186
2015,8,"Nou Barris",45,"Porta",36,11668
2015,8,"Nou Barris",45,"Porta",37,13278
2015,8,"Nou Barris",46,"el Turó de la Peira",38,12962
2015,8,"Nou Barris",46,"el Turó de la Peira",39,12813
2015,8,"Nou Barris",46,"el Turó de la Peira",40,9732
2015,8,"Nou Barris",46,"el Turó de la Peira",41,8742
2015,8,"Nou Barris",46,"el Turó de la Peira",42,15726
2015,8,"Nou Barris",46,"el Turó de la Peira",43,12900
2015,8,"Nou Barris",46,"el Turó de la Peira",44,10800
2015,8,"Nou Barris",46,"el Turó de la Peira",45,10670
2015,8,"Nou Barris",46,"el Turó de la Peira",46,12299
2015,8,"Nou Barris",46,"el Turó de la Peira",47,10044
2015,8,"Nou Barris",47,"Can Peguera",48,8845
2015,8,"Nou Barris",47,"Can Peguera",49,11230
2015,8,"Nou Barris",48,"la Guineueta",50,17852
2015,8,"Nou Barris",48,"la Guineueta",51,16381
2015,8,"Nou Barris",48,"la Guineueta",52,14921
2015,8,"Nou Barris",48,"la Guineueta",53,16848
2015,8,"Nou Barris",48,"la Guineueta",54,15727
2015,8,"Nou Barris",48,"la Guineueta",55,19691
2015,8,"Nou Barris",48,"la Guineueta",56,14483
2015,8,"Nou Barris",48,"la Guineueta",57,14052
2015,8,"Nou Barris",48,"la Guineueta",58,12674
2015,8,"Nou Barris",48,"la Guineueta",59,13834
2015,8,"Nou Barris",49,"Canyelles",60,15891
2015,8,"Nou Barris",49,"Canyelles",61,12839
2015,8,"Nou Barris",49,"Canyelles",62,14393
2015,8,"Nou Barris",49,"Canyelles",63,18238
2015,8,"Nou Barris",49,"Canyelles",64,12469
2015,8,"Nou Barris",50,"les Roquetes",65,9702
2015,8,"Nou Barris",50,"les Roquetes",66,9021
2015,8,"Nou Barris",50,"les Roquetes",67,11584
2015,8,"Nou Barris",50,"les Roquetes",68,10113
2015,8,"Nou Barris",50,"les Roquetes",69,10240
2015,8,"Nou Barris",50,"les Roquetes",70,10384
2015,8,"Nou Barris",50,"les Roquetes",71,11108
2015,8,"Nou Barris",50,"les Roquetes",72,12179
2015,8,"Nou Barris",50,"les Roquetes",73,9361
2015,8,"Nou Barris",50,"les Roquetes",74,10177
2015,8,"Nou Barris",51,"Verdun",75,12197
2015,8,"Nou Barris",51,"Verdun",76,12487
2015,8,"Nou Barris",51,"Verdun",77,9386
2015,8,"Nou Barris",51,"Verdun",78,10984
2015,8,"Nou Barris",51,"Verdun",79,11026
2015,8,"Nou Barris",51,"Verdun",80,11583
2015,8,"Nou Barris",51,"Verdun",81,10450
2015,8,"Nou Barris",51,"Verdun",82,11995
2015,8,"Nou Barris",52,"la Prosperitat",83,12073
2015,8,"Nou Barris",52,"la Prosperitat",84,12558
2015,8,"Nou Barris",52,"la Prosperitat",85,11892
2015,8,"Nou Barris",52,"la Prosperitat",86,12580
2015,8,"Nou Barris",52,"la Prosperitat",87,12764
2015,8,"Nou Barris",52,"la Prosperitat",88,12414
2015,8,"Nou Barris",52,"la Prosperitat",89,12488
2015,8,"Nou Barris",52,"la Prosperitat",90,13466
2015,8,"Nou Barris",52,"la Prosperitat",91,12874
2015,8,"Nou Barris",52,"la Prosperitat",92,13757
2015,8,"Nou Barris",52,"la Prosperitat",93,12022
2015,8,"Nou Barris",52,"la Prosperitat",94,13509
2015,8,"Nou Barris",52,"la Prosperitat",95,16362
2015,8,"Nou Barris",52,"la Prosperitat",96,12704
2015,8,"Nou Barris",52,"la Prosperitat",97,12216
2015,8,"Nou Barris",52,"la Prosperitat",98,11388
2015,8,"Nou Barris",52,"la Prosperitat",99,12694
2015,8,"Nou Barris",52,"la Prosperitat",100,12579
2015,8,"Nou Barris",52,"la Prosperitat",101,13397
2015,8,"Nou Barris",52,"la Prosperitat",102,11131
2015,8,"Nou Barris",53,"la Trinitat Nova",103,8710
2015,8,"Nou Barris",53,"la Trinitat Nova",104,9601
2015,8,"Nou Barris",53,"la Trinitat Nova",105,9245
2015,8,"Nou Barris",53,"la Trinitat Nova",106,9322
2015,8,"Nou Barris",53,"la Trinitat Nova",107,9757
2015,8,"Nou Barris",54,"Torre Baró",108,8963
2015,8,"Nou Barris",54,"Torre Baró",109,8057
2015,8,"Nou Barris",55,"Ciutat Meridiana",110,7413
2015,8,"Nou Barris",55,"Ciutat Meridiana",111,8633
2015,8,"Nou Barris",55,"Ciutat Meridiana",112,8436
2015,8,"Nou Barris",55,"Ciutat Meridiana",113,8813
2015,8,"Nou Barris",55,"Ciutat Meridiana",114,9362
2015,8,"Nou Barris",55,"Ciutat Meridiana",115,8890
2015,8,"Nou Barris",56,"Vallbona",116,9295
2015,8,"Nou Barris",48,"la Guineueta",215,16107
2015,9,"Sant Andreu",57,"la Trinitat Vella",1,7640
2015,9,"Sant Andreu",57,"la Trinitat Vella",2,8791
2015,9,"Sant Andreu",57,"la Trinitat Vella",3,9140
2015,9,"Sant Andreu",57,"la Trinitat Vella",4,10148
2015,9,"Sant Andreu",57,"la Trinitat Vella",5,13570
2015,9,"Sant Andreu",58,"Baró de Viver",6,8960
2015,9,"Sant Andreu",58,"Baró de Viver",7,9000
2015,9,"Sant Andreu",59,"el Bon Pastor",8,19081
2015,9,"Sant Andreu",59,"el Bon Pastor",9,15185
2015,9,"Sant Andreu",59,"el Bon Pastor",10,12688
2015,9,"Sant Andreu",59,"el Bon Pastor",11,10072
2015,9,"Sant Andreu",59,"el Bon Pastor",13,9337
2015,9,"Sant Andreu",59,"el Bon Pastor",14,9341
2015,9,"Sant Andreu",59,"el Bon Pastor",15,11445
2015,9,"Sant Andreu",60,"Sant Andreu",16,16770
2015,9,"Sant Andreu",60,"Sant Andreu",17,16254
2015,9,"Sant Andreu",60,"Sant Andreu",18,15810
2015,9,"Sant Andreu",60,"Sant Andreu",19,17673
2015,9,"Sant Andreu",60,"Sant Andreu",20,17605
2015,9,"Sant Andreu",60,"Sant Andreu",21,18701
2015,9,"Sant Andreu",60,"Sant Andreu",22,19613
2015,9,"Sant Andreu",60,"Sant Andreu",23,18684
2015,9,"Sant Andreu",60,"Sant Andreu",24,17880
2015,9,"Sant Andreu",60,"Sant Andreu",25,18069
2015,9,"Sant Andreu",60,"Sant Andreu",26,18945
2015,9,"Sant Andreu",60,"Sant Andreu",27,18479
2015,9,"Sant Andreu",60,"Sant Andreu",28,21112
2015,9,"Sant Andreu",60,"Sant Andreu",29,16333
2015,9,"Sant Andreu",60,"Sant Andreu",30,18441
2015,9,"Sant Andreu",60,"Sant Andreu",31,20175
2015,9,"Sant Andreu",60,"Sant Andreu",32,13896
2015,9,"Sant Andreu",60,"Sant Andreu",33,16465
2015,9,"Sant Andreu",60,"Sant Andreu",34,15124
2015,9,"Sant Andreu",60,"Sant Andreu",35,15953
2015,9,"Sant Andreu",60,"Sant Andreu",36,17412
2015,9,"Sant Andreu",60,"Sant Andreu",37,14628
2015,9,"Sant Andreu",60,"Sant Andreu",38,18055
2015,9,"Sant Andreu",60,"Sant Andreu",39,17376
2015,9,"Sant Andreu",60,"Sant Andreu",40,18344
2015,9,"Sant Andreu",60,"Sant Andreu",41,16498
2015,9,"Sant Andreu",60,"Sant Andreu",42,18083
2015,9,"Sant Andreu",60,"Sant Andreu",43,16061
2015,9,"Sant Andreu",60,"Sant Andreu",44,17277
2015,9,"Sant Andreu",60,"Sant Andreu",45,17155
2015,9,"Sant Andreu",60,"Sant Andreu",46,18113
2015,9,"Sant Andreu",60,"Sant Andreu",47,18752
2015,9,"Sant Andreu",60,"Sant Andreu",48,17152
2015,9,"Sant Andreu",60,"Sant Andreu",49,15926
2015,9,"Sant Andreu",60,"Sant Andreu",50,18891
2015,9,"Sant Andreu",60,"Sant Andreu",51,17907
2015,9,"Sant Andreu",60,"Sant Andreu",52,16617
2015,9,"Sant Andreu",60,"Sant Andreu",53,19944
2015,9,"Sant Andreu",60,"Sant Andreu",54,18249
2015,9,"Sant Andreu",61,"la Sagrera",55,14662
2015,9,"Sant Andreu",61,"la Sagrera",56,17137
2015,9,"Sant Andreu",61,"la Sagrera",57,15659
2015,9,"Sant Andreu",61,"la Sagrera",58,17457
2015,9,"Sant Andreu",61,"la Sagrera",59,15448
2015,9,"Sant Andreu",61,"la Sagrera",60,15749
2015,9,"Sant Andreu",61,"la Sagrera",61,18453
2015,9,"Sant Andreu",61,"la Sagrera",62,15284
2015,9,"Sant Andreu",61,"la Sagrera",63,18887
2015,9,"Sant Andreu",61,"la Sagrera",64,17336
2015,9,"Sant Andreu",61,"la Sagrera",65,16281
2015,9,"Sant Andreu",61,"la Sagrera",66,18589
2015,9,"Sant Andreu",61,"la Sagrera",67,15323
2015,9,"Sant Andreu",61,"la Sagrera",68,18682
2015,9,"Sant Andreu",61,"la Sagrera",69,16252
2015,9,"Sant Andreu",61,"la Sagrera",70,12219
2015,9,"Sant Andreu",61,"la Sagrera",71,16360
2015,9,"Sant Andreu",61,"la Sagrera",72,12764
2015,9,"Sant Andreu",61,"la Sagrera",73,16407
2015,9,"Sant Andreu",62,"el Congrés i els Indians",74,15856
2015,9,"Sant Andreu",62,"el Congrés i els Indians",75,15463
2015,9,"Sant Andreu",62,"el Congrés i els Indians",76,15244
2015,9,"Sant Andreu",62,"el Congrés i els Indians",77,15835
2015,9,"Sant Andreu",62,"el Congrés i els Indians",78,15771
2015,9,"Sant Andreu",62,"el Congrés i els Indians",79,17290
2015,9,"Sant Andreu",62,"el Congrés i els Indians",80,17669
2015,9,"Sant Andreu",62,"el Congrés i els Indians",81,16116
2015,9,"Sant Andreu",62,"el Congrés i els Indians",82,16172
2015,9,"Sant Andreu",63,"Navas",83,16248
2015,9,"Sant Andreu",63,"Navas",84,18560
2015,9,"Sant Andreu",63,"Navas",85,16028
2015,9,"Sant Andreu",63,"Navas",86,16420
2015,9,"Sant Andreu",63,"Navas",87,17985
2015,9,"Sant Andreu",63,"Navas",88,15305
2015,9,"Sant Andreu",63,"Navas",89,16606
2015,9,"Sant Andreu",63,"Navas",90,15232
2015,9,"Sant Andreu",63,"Navas",91,16555
2015,9,"Sant Andreu",63,"Navas",92,16370
2015,9,"Sant Andreu",63,"Navas",93,17053
2015,9,"Sant Andreu",63,"Navas",94,16793
2015,9,"Sant Andreu",63,"Navas",95,16497
2015,9,"Sant Andreu",61,"la Sagrera",156,17120
2015,10,"Sant Martí",64,"Camp de l'Arpa del Clot",1,14672
2015,10,"Sant Martí",64,"Camp de l'Arpa del Clot",2,15935
2015,10,"Sant Martí",64,"Camp de l'Arpa del Clot",3,16670
2015,10,"Sant Martí",64,"Camp de l'Arpa del Clot",4,16829
2015,10,"Sant Martí",64,"Camp de l'Arpa del Clot",5,18402
2015,10,"Sant Martí",64,"Camp de l'Arpa del Clot",6,18464
2015,10,"Sant Martí",64,"Camp de l'Arpa del Clot",7,23281
2015,10,"Sant Martí",64,"Camp de l'Arpa del Clot",8,18132
2015,10,"Sant Martí",64,"Camp de l'Arpa del Clot",9,19051
2015,10,"Sant Martí",64,"Camp de l'Arpa del Clot",10,17311
2015,10,"Sant Martí",64,"Camp de l'Arpa del Clot",11,19097
2015,10,"Sant Martí",64,"Camp de l'Arpa del Clot",12,18915
2015,10,"Sant Martí",64,"Camp de l'Arpa del Clot",13,16586
2015,10,"Sant Martí",64,"Camp de l'Arpa del Clot",14,16250
2015,10,"Sant Martí",64,"Camp de l'Arpa del Clot",15,18003
2015,10,"Sant Martí",64,"Camp de l'Arpa del Clot",16,18582
2015,10,"Sant Martí",64,"Camp de l'Arpa del Clot",17,17098
2015,10,"Sant Martí",64,"Camp de l'Arpa del Clot",18,15953
2015,10,"Sant Martí",64,"Camp de l'Arpa del Clot",19,17001
2015,10,"Sant Martí",64,"Camp de l'Arpa del Clot",20,15235
2015,10,"Sant Martí",64,"Camp de l'Arpa del Clot",21,15004
2015,10,"Sant Martí",64,"Camp de l'Arpa del Clot",22,16848
2015,10,"Sant Martí",64,"Camp de l'Arpa del Clot",23,16236
2015,10,"Sant Martí",64,"Camp de l'Arpa del Clot",24,17502
2015,10,"Sant Martí",64,"Camp de l'Arpa del Clot",25,15971
2015,10,"Sant Martí",65,"el Clot",26,17651
2015,10,"Sant Martí",65,"el Clot",27,17572
2015,10,"Sant Martí",65,"el Clot",28,16754
2015,10,"Sant Martí",65,"el Clot",29,15759
2015,10,"Sant Martí",65,"el Clot",30,17112
2015,10,"Sant Martí",65,"el Clot",31,16020
2015,10,"Sant Martí",65,"el Clot",32,16663
2015,10,"Sant Martí",65,"el Clot",33,21135
2015,10,"Sant Martí",65,"el Clot",34,16383
2015,10,"Sant Martí",65,"el Clot",35,18782
2015,10,"Sant Martí",65,"el Clot",36,18977
2015,10,"Sant Martí",65,"el Clot",37,13293
2015,10,"Sant Martí",65,"el Clot",38,16233
2015,10,"Sant Martí",65,"el Clot",39,14231
2015,10,"Sant Martí",65,"el Clot",40,16485
2015,10,"Sant Martí",65,"el Clot",41,17342
2015,10,"Sant Martí",66,"el Parc i la Llacuna del Poblenou",42,14334
2015,10,"Sant Martí",66,"el Parc i la Llacuna del Poblenou",43,13998
2015,10,"Sant Martí",66,"el Parc i la Llacuna del Poblenou",44,17610
2015,10,"Sant Martí",66,"el Parc i la Llacuna del Poblenou",45,19612
2015,10,"Sant Martí",66,"el Parc i la Llacuna del Poblenou",46,19477
2015,10,"Sant Martí",66,"el Parc i la Llacuna del Poblenou",47,19407
2015,10,"Sant Martí",66,"el Parc i la Llacuna del Poblenou",48,20293
2015,10,"Sant Martí",66,"el Parc i la Llacuna del Poblenou",49,19169
2015,10,"Sant Martí",66,"el Parc i la Llacuna del Poblenou",50,19248
2015,10,"Sant Martí",67,"la Vila Olímpica del Poblenou",51,21566
2015,10,"Sant Martí",67,"la Vila Olímpica del Poblenou",52,27755
2015,10,"Sant Martí",67,"la Vila Olímpica del Poblenou",53,32392
2015,10,"Sant Martí",67,"la Vila Olímpica del Poblenou",54,31251
2015,10,"Sant Martí",67,"la Vila Olímpica del Poblenou",55,32741
2015,10,"Sant Martí",68,"el Poblenou",56,14632
2015,10,"Sant Martí",68,"el Poblenou",57,15497
2015,10,"Sant Martí",68,"el Poblenou",58,15167
2015,10,"Sant Martí",68,"el Poblenou",59,18709
2015,10,"Sant Martí",68,"el Poblenou",60,15079
2015,10,"Sant Martí",68,"el Poblenou",61,20045
2015,10,"Sant Martí",68,"el Poblenou",62,20665
2015,10,"Sant Martí",68,"el Poblenou",63,18661
2015,10,"Sant Martí",68,"el Poblenou",64,18601
2015,10,"Sant Martí",68,"el Poblenou",65,18665
2015,10,"Sant Martí",68,"el Poblenou",66,18332
2015,10,"Sant Martí",68,"el Poblenou",67,25926
2015,10,"Sant Martí",68,"el Poblenou",68,21756
2015,10,"Sant Martí",68,"el Poblenou",69,19397
2015,10,"Sant Martí",68,"el Poblenou",70,15456
2015,10,"Sant Martí",68,"el Poblenou",71,20084
2015,10,"Sant Martí",68,"el Poblenou",72,16745
2015,10,"Sant Martí",68,"el Poblenou",73,14951
2015,10,"Sant Martí",68,"el Poblenou",74,15251
2015,10,"Sant Martí",68,"el Poblenou",75,15561
2015,10,"Sant Martí",69,"Diagonal Mar i el Front Marítim del Poblenou",76,20782
2015,10,"Sant Martí",69,"Diagonal Mar i el Front Marítim del Poblenou",77,23075
2015,10,"Sant Martí",69,"Diagonal Mar i el Front Marítim del Poblenou",78,25050
2015,10,"Sant Martí",69,"Diagonal Mar i el Front Marítim del Poblenou",79,19211
2015,10,"Sant Martí",69,"Diagonal Mar i el Front Marítim del Poblenou",80,26950
2015,10,"Sant Martí",70,"el Besòs i el Maresme",81,11460
2015,10,"Sant Martí",70,"el Besòs i el Maresme",82,7110
2015,10,"Sant Martí",70,"el Besòs i el Maresme",83,6797
2015,10,"Sant Martí",70,"el Besòs i el Maresme",84,8973
2015,10,"Sant Martí",70,"el Besòs i el Maresme",85,8930
2015,10,"Sant Martí",70,"el Besòs i el Maresme",86,9207
2015,10,"Sant Martí",70,"el Besòs i el Maresme",87,9693
2015,10,"Sant Martí",70,"el Besòs i el Maresme",88,13844
2015,10,"Sant Martí",70,"el Besòs i el Maresme",89,8988
2015,10,"Sant Martí",70,"el Besòs i el Maresme",90,11479
2015,10,"Sant Martí",70,"el Besòs i el Maresme",91,12841
2015,10,"Sant Martí",70,"el Besòs i el Maresme",92,15515
2015,10,"Sant Martí",70,"el Besòs i el Maresme",93,16886
2015,10,"Sant Martí",71,"Provençals del Poblenou",94,18615
2015,10,"Sant Martí",71,"Provençals del Poblenou",95,12982
2015,10,"Sant Martí",71,"Provençals del Poblenou",96,20487
2015,10,"Sant Martí",71,"Provençals del Poblenou",97,18930
2015,10,"Sant Martí",71,"Provençals del Poblenou",98,16140
2015,10,"Sant Martí",71,"Provençals del Poblenou",99,11907
2015,10,"Sant Martí",71,"Provençals del Poblenou",100,14336
2015,10,"Sant Martí",71,"Provençals del Poblenou",101,14985
2015,10,"Sant Martí",71,"Provençals del Poblenou",102,13510
2015,10,"Sant Martí",71,"Provençals del Poblenou",103,15734
2015,10,"Sant Martí",71,"Provençals del Poblenou",104,17097
2015,10,"Sant Martí",72,"Sant Martí de Provençals",105,15606
2015,10,"Sant Martí",72,"Sant Martí de Provençals",106,15984
2015,10,"Sant Martí",72,"Sant Martí de Provençals",107,19368
2015,10,"Sant Martí",72,"Sant Martí de Provençals",108,14545
2015,10,"Sant Martí",72,"Sant Martí de Provençals",109,14041
2015,10,"Sant Martí",72,"Sant Martí de Provençals",110,14076
2015,10,"Sant Martí",72,"Sant Martí de Provençals",111,15111
2015,10,"Sant Martí",72,"Sant Martí de Provençals",112,19246
2015,10,"Sant Martí",72,"Sant Martí de Provençals",113,14316
2015,10,"Sant Martí",72,"Sant Martí de Provençals",114,12562
2015,10,"Sant Martí",72,"Sant Martí de Provençals",115,13771
2015,10,"Sant Martí",72,"Sant Martí de Provençals",116,13137
2015,10,"Sant Martí",72,"Sant Martí de Provençals",117,14007
2015,10,"Sant Martí",72,"Sant Martí de Provençals",118,18968
2015,10,"Sant Martí",72,"Sant Martí de Provençals",119,13855
2015,10,"Sant Martí",72,"Sant Martí de Provençals",120,13953
2015,10,"Sant Martí",72,"Sant Martí de Provençals",121,13642
2015,10,"Sant Martí",72,"Sant Martí de Provençals",122,18438
2015,10,"Sant Martí",73,"la Verneda i la Pau",123,14666
2015,10,"Sant Martí",73,"la Verneda i la Pau",124,15315
2015,10,"Sant Martí",73,"la Verneda i la Pau",125,14074
2015,10,"Sant Martí",73,"la Verneda i la Pau",126,15769
2015,10,"Sant Martí",73,"la Verneda i la Pau",127,16339
2015,10,"Sant Martí",73,"la Verneda i la Pau",128,16070
2015,10,"Sant Martí",73,"la Verneda i la Pau",129,16358
2015,10,"Sant Martí",73,"la Verneda i la Pau",130,15361
2015,10,"Sant Martí",73,"la Verneda i la Pau",131,17925
2015,10,"Sant Martí",73,"la Verneda i la Pau",132,14570
2015,10,"Sant Martí",73,"la Verneda i la Pau",133,13212
2015,10,"Sant Martí",73,"la Verneda i la Pau",134,13186
2015,10,"Sant Martí",73,"la Verneda i la Pau",135,13588
2015,10,"Sant Martí",73,"la Verneda i la Pau",136,13767
2015,10,"Sant Martí",73,"la Verneda i la Pau",137,11498
2015,10,"Sant Martí",73,"la Verneda i la Pau",138,10591
2015,10,"Sant Martí",73,"la Verneda i la Pau",139,11830
2015,10,"Sant Martí",73,"la Verneda i la Pau",140,11446
2015,10,"Sant Martí",73,"la Verneda i la Pau",141,11972
2015,10,"Sant Martí",73,"la Verneda i la Pau",142,11043
2015,10,"Sant Martí",73,"la Verneda i la Pau",143,11882
2015,10,"Sant Martí",65,"el Clot",234,15616
2015,10,"Sant Martí",69,"Diagonal Mar i el Front Marítim del Poblenou",235,13810
2015,10,"Sant Martí",69,"Diagonal Mar i el Front Marítim del Poblenou",236,14806
2015,10,"Sant Martí",71,"Provençals del Poblenou",237,13056
